catmat;desc;und;quant;valor_unit;valor_total
271689;"ÁCIDO 
ASCÓRBICO 
concentração/dosagem 
200 
mg/mL, 
forma 
farmacêutica 
Solução  Oral 
- 
(Gotas) via de administração oral";Frasco 20 mL;198500;R$ 1,34;265990
278489;"ÁCIDO  FÓLICO  concentração/dosagem 
0,2 mg/mL, forma farmacêutica Solução, 
via de administração oral.";FRASCO 30 mL;213400;R$ 4,30;917620
315056;ÁGUA PARA INJEÇÃO;AMPOLA 10 mL;2311400;R$ 0,28;647192
397502;"AGULHA 
HIPODÉRMICA, 
MATERIAL:AÇO 
INOXIDÁVEL 
SILICONIZADO,  DIMENSÃO:21  G  X  1"", 
TIPO 
PONTA:BISEL 
CURTO 
TRIFACETADO, 
TIPO 
CONEXÃO:CONECTOR LUER LOCK EM 
PLÁSTICO,  TIPO  FIXAÇÃO:PROTETOR 
PLÁSTICO, 
CARACTERÍSTICA 
ADICIONAL:COM 
SISTEMA 
SEGURANÇA  SEGUNDO  NR/32,  TIPO 
USO:ESTÉRIL, 
DESCARTÁVEL, 
EMBALAGEM INDIVIDUAL";"CAIXA COM 100 
UNIDADES";135900;R$ 9,44;1282896
269941;"ÁLCOOL 
ETÍLICO, 
HIDRATADO, 
70%(70°GL), LÍQUIDO";"FRASCO COM 
1000 ML";200654;R$ 5,39;1081525,06
269943;"ÁLCOOL 
ETÍLICO, 
HIDRATADO, 
70%_(70¿GL), GEL";"FRASCO COM 
500 ML";62016;R$ 5,45;337987,2
267509;"ALOPURINOL 
concentração/dosagem 
300 
mg, 
forma 
farmacêutica 
Comprimido, via de administração oral.";COMPRIMIDO;377200;R$ 0,30;113160
446264;"AMBROXOL, 
CLORIDRATO 
concentração/dosagem 3 mg/mL , forma 
farmacêutica 
Xarope, 
via 
de 
administração oral";FRASCO 100 mL;224610;R$ 3,02;678322,2
446263;"AMBROXOL, 
CLORIDRATO 
concentração/dosagem 6 mg/mL,  forma 
farmacêutica 
Xarope, 
via 
de 
administração oral";FRASCO 100 mL;220710;R$ 3,19;704064,9
267582;"BECLOMETASONA  –  DIPROPIONATO 
concentração/dosagem 
50  mcg/dose, 
forma  farmacêutica  Aerossol  ou  spray, 
via de administração inalatória NASAL.";"FRASCO 200 
doses";26040;R$ 23,39;609075,6
267587;"BECLOMETASONA  –  DIPROPIONATO 
concentração/dosagem  200  mcg/dose, 
forma  farmacêutica  pó  para  inalação  - 
ORAL via de administração inalatória.";"FRASCO 200 
doses";28680;R$ 25,04;718147,2
267590;"BECLOMETASONA  –  DIPROPIONATO 
concentração/dosagem  250  mcg/dose, 
forma  farmacêutica  Aerossol  ou  spray, 
via de administração inalatória. NASAL";"FRASCO 200 
doses";35193;R$ 26,98;949507,14
270140;"BIPERIDENO 
– 
CLORIDRATO 
concentração/dosagem 
2  mg, 
forma 
farmacêutica 
Comprimido, 
via 
de 
administração oral.";COMPRIMIDO;4246000;R$ 0,22;934120
270138;"BIPERIDENO 
– 
LACTATO 
concentração/dosagem 5 mg/mL ,forma 
farmacêutica  Solução 
injetável,  via  de 
administração parenteral.";AMPOLA 1 mL;45900;R$ 2,20;100980
266701;"BUDESONIDA 
concentração/dosagem 
50  mcg, 
forma 
farmacêutica  Aerossol 
nasal, 
via 
de 
administração 
tópica/inalatória.";"FRASCO 120 
doses";50631;R$ 25,40;1286027,4
267613;"CAPTOPRIL  concentração/dosagem  25 
mg  ,  forma  farmacêutica  Comprimido, 
via de administração oral.";COMPRIMIDO;8370996;R$ 0,03;251129,88
267618;"CARBAMAZEPINA 
concentração/dosagem  200  mg,  forma 
farmacêutica 
Comprimido, 
via 
de 
administração oral.";COMPRIMIDO;8525400;R$ 0,17;1449318
437298;"CATETER 
CENTRAL, 
APLICAÇÃO:VENOSO, 
MATÉRIA 
PRIMA:POLIURETANO 
RADIOPACO, 
DIÂMETRO:CERCA  7  FR,  VIAS:DUPLO 
LÚMEN, 
LÚMEN:14 
A 
18 
GAU, 
COMPRIMENTO:CERCA  20  CM,  TIPO 
FIXAÇÃO:FIXAÇÃO 
SUBCUTÂNEA, 
CONECTOR:CONECTORES 
PADRÃO, 
CLAMP  EM  TODAS  VIAS  E  TAMPAS, 
COMP";UNIDADE;62370;R$ 36,89;2300829,3
437173;"CATETER 
PERIFÉRICO, 
APLICAÇÃO:VENOSO, 
MODELO:TIPO 
ESCALPE, 
MATERIAL 
AGULHA:AGULHA 
AÇO 
INOX, 
DIAMETRO:21 
GAU, 
COMPONENTE 
ADICIONAL:C/ ASA DE FIXAÇÃO, TUBO 
EXTENSOR, 
CONECTOR:CONECTOR 
PADRÃO C/ TAMPA, COMPONENTE 1:C/ 
ADAPTADOR 
COLETA 
À 
VÁCUO, 
COMPONENTE 
2:C/ 
SISTEMA 
SEGURANÇA  SEGUNDO  NR/32,  TIPO 
USO:ESTÉRIL, 
DESCARTÁVEL, 
EMBALAGEM INDIVIDUAL";UNIDADE;205700;R$ 0,34;69938
437179;"CATETER 
PERIFÉRICO, 
polímero 
radiopaco,  venoso,  agulha  aço inox,  22 
gau,  cerca  25  mm,  conector  padrão, 
câmara 
refluxo 
c/ 
filtro, 
c/ 
sistema 
segurança 
segundo 
NR/32, 
estéril, 
descartável, embalagem individual";UNIDADE;481800;R$ 1,61;775698
271103;"CETOCONAZOL concentração/dosagem 
2%(20 
mg/g), 
forma 
farmacêutica 
Xampu, via de administração tópica.";FRASCO 100 mL;58900;R$ 5,21;306869
448844;"CETOPROFENO concentração/dosagem 
100  mg, 
forma 
farmacêutica  Pó  para 
solução 
injetável, 
via 
de 
administraçãoparenteral";"FRASCO 
AMPOLA";320800;R$ 3,30;1058640
448845;"CETOPROFENO concentração/dosagem 
50  mg/mL,  forma  farmacêutica  Solução 
injetável, 
via 
de 
administração 
parenteral";AMPOLA 2ML;245700;R$ 1,78;437346
267632;"CIPROFLOXACINO 
– 
CLORIDRATO 
concentração/dosagem  500  mg,  forma 
farmacêutica 
Comprimido, 
via 
de 
administração oral.";COMPRIMIDO;1617696;R$ 0,19;307362,24
267523;"CLOMIPRAMINA 
– 
CLORIDRATO 
concentração/dosagem  10  mg, 
forma 
farmacêutica 
Comprimido, 
via 
de 
administração oral.";COMPRIMIDO;106700;R$ 0,70;74690
270120;"CLONAZEPAM 
concentração/dosagem 
2,5 mg/mL, forma farmacêutica Solução 
oral, via de administração oral.";FRASCO 20 mL;100210;R$ 2,49;249522,9
272043;"CLONIDINA 
CLORIDRATO, 
CONCENTRAÇÃO:0,1 MG";COMPRIMIDO;72430;R$ 0,30;21729
268236;"CLORETO  DE  SÓDIO  0,9%  SOLUÇÃO 
INJETÁVEL 100 ML SISTEMA FECHADO";"BOLSA OU 
FRASCO 100ML";660616;R$ 3,30;2180032,8
340207;"CLORPROMAZINA 
– 
CLORIDRATO 
concentração/dosagem 
40 
mg/mL, 
forma farmacêutica Solução oral, via de 
administração oral.";FRASCO 20 mL;11550;R$ 6,45;74497,5
267638;"CLORPROMAZINA 
- 
CLORIDRATO 
concentração/dosagem  100  mg  ,  forma 
farmacêutica 
Comprimido, 
via 
de 
administração oral.";COMPRIMIDO;2569600;R$ 0,26;668096
270495;"COLAGENASE 
ASSOCIADA 
COM 
CLORANFENICOL, 
concentração/dosagem 
0,6  UI 
+ 
1% 
(0,01g/g),  forma  farmacêutica  Pomada, 
via de administração tópica";BISNAGA 30 g;219600;R$ 9,25;2031300
268958;"COLAGENASE,  concentração/dosagem 
0,6  UI,  forma  farmacêutica  Pomada,  via 
de administração tópica";BISNAGA 30 g;60700;R$ 11,97;726579
460850;"COLETOR 
DE 
URINA, 
MATERIAL 
:PLÁSTICO,  TIPO 
:SISTEMA  ABERTO, 
CAPACIDADE 
:CERCA  DE  1200  ML, 
GRADUAÇÃO:GRADUADA, 
ESTERILIDADE 
:NÃO 
ESTÉRIL, 
DESCARTÁVEL";UNIDADE;53940;R$ 3,09;166674,6
267194;"DIAZEPAM 
concentração/dosagem 
5 
mg/mL, 
forma 
farmacêutica  Solução 
injetável, 
via 
de 
administração 
parenteral.";AMPOLA 2 mL;337800;R$ 0,82;276996
267647;"DIGOXINA  concentração/dosagem  0,25 
mg, forma farmacêutica Comprimido, via 
de administração oral.";COMPRIMIDO;792146;R$ 0,20;158429,2
267205;"DIPIRONA 
SÓDICA 
concentração/dosagem 
500 
mg/mL, 
forma farmacêutica Solução oral, via de 
administração oral.";FRASCO 10 mL;668696;R$ 1,13;755626,48
267652;"ENALAPRIL 
– 
MALEATO 
concentração/dosagem  20  mg, 
forma 
farmacêutica 
Comprimido, 
via 
de 
administração oral.";COMPRIMIDO;4810094;R$ 0,04;192403,76
270846;"ENANTATO 
DE 
NORETISTERONA 
+ 
VALERATO 
DE 
ESTRADIOL 
concentração/dosagem 
50  mg 
+ 
5 
mg/mL, 
forma 
farmacêutica  Solução 
injetável, 
via 
de 
administração 
parenteral.";"AMPOLA/ 
SERINGA 1 mL";85800;R$ 11,28;967824
269996;"ERITROMICINA 
– 
ESTOLATO 
concentração/dosagem  500  mg,  forma 
farmacêutica 
Comprimido, 
via 
de 
administração oral.";COMPRIMIDO;50550;R$ 1,91;96550,5
271435;"ESTROGÊNIOS 
CONJUGADOS 
concentração/dosagem 
0,625 
mg/g, 
forma  farmacêutica  Creme  vaginal,  via 
de administração tópica/vaginal.";"BISNAGA             
25 g";62240;R$ 38,34;2386281,6
356602;"ESTROGÊNIOS 
CONJUGADOS 
concentração/dosagem  0,3  mg, 
forma 
farmacêutica 
Comprimido, 
via 
de 
administração oral.";"COMPRIMIDO 
OU DRÁGEA";174300;R$ 0,93;162099
395716;"EXTRATO 
MEDICINAL, 
PRINCÍPIO 
ATIVO:EXTRATO 
AQUOSO 
DE 
AROEIRA, 
COMPOSIÇÃO:SCHINUS 
TEREBINTHIFOLIUS 
RADDI, 
FORMA 
FARMACÊUTICA:GEL 
VAGINAL, 
CARACTERÍSTICA 
ADICIONAL:COM 
APLICADORES";BISNAGA 60 g;19000;R$ 19,94;378860
267107;"FENITOÍNA 
SÓDICA 
concentração/dosagem 
50 
mg/mL, 
forma 
farmacêutica  Solução 
injetável, 
via de administração parenteral.";AMPOLA 5 mL;75500;R$ 1,85;139675
300723;"FENOBARBITAL 
concentração/dosagem 
40 
mg/mL, 
forma farmacêutica Solução oral, via de 
administração oral.";FRASCO 20 mL;33750;R$ 4,24;143100
267660;"FENOBARBITAL 
concentração/dosagem  100  mg,  forma 
farmacêutica 
Comprimido, 
via 
de 
administração oral.";COMPRIMIDO;3801792;R$ 0,13;494232,96
292399;"FITOMENADIONA 
concentração/dosagem 
10 
mg/mL, 
forma 
farmacêutica  Solução 
injetável, 
via de administração parenteral";AMPOLA 1 mL;62596;R$ 1,88;117680,48
273009;"FLUOXETINA 
– 
CLORIDRATO 
concentração/dosagem  20  mg, 
forma 
farmacêutica  Cápsula  ou  Comprimido, 
via de administração oral.";"CÁPSULA OU 
COMPRIMIDO";10014090;R$ 0,08;801127,2
267663;"FUROSEMIDA 
concentração/dosagem 
40 mg, forma farmacêutica Comprimido, 
via de administração oral.";COMPRIMIDO;5252190;R$ 0,05;262609,5
406308;"GENTAMICINA 
– 
SULFATO 
concentração/dosagem 5 mg/mL,  forma 
farmacêutica 
Colírio, 
via 
de 
administração tópica/ocular.";FRASCO 5 mL;21850;R$ 13,78;301093
267671;"GLIBENCLAMIDA 
concentração/dosagem 
5  mg, 
forma 
farmacêutica 
Comprimido, 
via 
de 
administração oral.";COMPRIMIDO;10502086;R$ 0,03;315062,58
443630;"GLICLAZIDA  concentração/dosagem  80 
mg, forma farmacêutica Comprimido, via 
de administração oral.";COMPRIMIDO;239500;R$ 0,32;76640
270092;"GLICOSE, 
CONCENTRAÇÃO:5%, 
INDICAÇÃO:SOLUÇÃO 
INJETÁVEL, 
CARACTERÍSTICAS 
ADICIONAIS:SISTEMA FECHADO";"BOLSA 500,00 
ML";334216;R$ 5,76;1925084,16
292194;"HALOPERIDOL 
– 
DECANOATO 
concentração/dosagem 
50 
mg/mL, 
forma 
farmacêutica  Solução 
injetável, 
via de administração parenteral.";AMPOLA 1 mL;37782;R$ 4,29;162084,78
267669;"HALOPERIDOL  concentração/dosagem 
5  mg,  forma  farmacêutica  Comprimido, 
via de administração oral.";COMPRIMIDO;4386000;R$ 0,11;482460
292196;"HALOPERIDOL  concentração/dosagem 
5  mg/mL,  forma  farmacêutica  Solução 
injetável, 
via 
de 
administração 
parenteral.";AMPOLA 1 mL;129496;R$ 1,54;199423,84
268331;"IPRATRÓPIO 
– 
BROMETO 
concentração/dosagem 
0,25 
mg/mL, 
forma farmacêutica Solução inalante, via 
de administração inalatória.";FRASCO 20 mL;113110;R$ 1,08;122158,8
376767;"IVERMECTINA concentração/dosagem 6 
mg, forma farmacêutica Comprimido, via 
de administração oral.";COMPRIMIDO;687870;R$ 0,40;275148
273466;"LORATADINA 
concentração/dosagem 
10mg,  forma  farmacêutica  Comprimido, 
via de administração oral.";COMPRIMIDO;1157520;R$ 0,07;81026,4
267691;"METFORMINA 
– 
CLORIDRATO 
concentração/dosagem  850  mg,  forma 
farmacêutica 
Comprimido, 
via 
de 
administração oral.";COMPRIMIDO;23969120;R$ 0,10;2396912
267310;"METOCLOPRAMIDA 
– 
CLORIDRATO  
concentração/dosagem 5 mg/mL,  forma 
farmacêutica  Solução 
injetável,  via  de 
administração parenteral.";AMPOLA 2 mL;359345;R$ 0,64;229980,8
372335;"METRONIDAZOL 
concentração/dosagem 100 mg/g, forma 
farmacêutica 
Gel 
vaginal, 
via 
de 
administração 
tópica/vaginal, 
com 
aplicador.";BISNAGA 50 g;225605;R$ 6,19;1396494,95
268267;"MICONAZOL 
– 
NITRATO 
concentração/dosagem  20mg/g, 
forma 
farmacêutica 
Loção, 
via 
de 
administração tópica.";FRASCO 30 mL;163755;R$ 3,70;605893,5
448808;"NORETISTERONA  
concentração/dosagem  0,35  mg,  forma 
farmacêutica  Blister  calendário,  via  de 
administração oral.";BLISTER;79800;R$ 6,41;511518
267712;"OMEPRAZOL concentração/dosagem 20 
mg, forma farmacêutica Cápsula, via de 
administração oral.";CÁPSULA;9084300;R$ 0,06;545058
270229;"POLIMIXINA 
B, 
COMPOSIÇÃO:ASSOCIADA 
COM 
NEOMICINA, 
FLUOCINOLONA 
E 
LIDOCAÍNA, CONCENTRAÇÃO:11.000UI 
+ 
3,85MG 
+ 
0,275MG 
+ 
20MG/ML, 
USO:SOLUÇÃO OTOLÓGICA";"FRASCO 5,00 
ML";26550;R$ 5,11;135670,5
267769;"PROMETAZINA 
– 
CLORIDRATO 
concentração/dosagem 
25 
mg/mL, 
forma 
farmacêutica  Solução 
injetável, 
via de administração parenteral.";AMPOLA 2 mL;1207500;R$ 2,20;2656500
274918;"RETINOL, 
COMPOSIÇÃO:ASSOCIADO 
C/AMINOÁCIDOS+ 
METIONINA+ 
CLORANFENICOL, 
CONCENTRAÇÃO:10.000UI  +  25MG  + 
5MG  +  5MG/G,  APLICAÇÃO:POMADA 
OFTÁLMICA";BISNAGA 3,50 G;1770;R$ 11,69;20691,3
303292;"RINGER+LACTATO  DE  SÓDIO, 
forma 
farmacêutica  Solução 
injetável,  via  de 
administração parenteral.";FRASCO 500 ML;214320;R$ 6,07;1300922,4
412966;"SIMETICONA concentração/dosagem 75 
mg/mL, 
forma 
farmacêutica  Solução 
Oral (Gotas), via de administração oral";FRASCO 15 mL;247300;R$ 1,77;437721
267746;"SINVASTATINA  concentração/dosagem 
10mg,  forma  farmacêutica  Comprimido, 
via de administração oral.";COMPRIMIDO;919100;R$ 0,07;64337
267745;"SINVASTATINA  concentração/dosagem 
40mg,  forma  farmacêutica  Comprimido, 
via de administração oral.";COMPRIMIDO;8707892;R$ 0,15;1306183,8
308884;"SULFAMETOXAZOL  +  TRIMETOPRIMA 
concentração/dosagem 
40  mg 
+ 
8 
mg/mL,  forma  farmacêutica  Suspensão 
oral, via de administração oral.";FRASCO 100 mL;1811720;R$ 4,53;8207091,6
292344;"SULFATO 
FERROSO 
concentração/dosagem  40  mg  de  Ferro 
II,  forma  farmacêutica  Comprimido,  via 
de administração oral.";COMPRIMIDO;6586400;R$ 0,03;197592
332468;"SULFATO 
FERROSO 
concentração/dosagem 5 mg/mL,  forma 
farmacêutica 
Xarope, 
via 
de 
administração oral.";FRASCO 100 mL;86420;R$ 2,68;231605,6
272581;"TIMOLOL 
– 
MALEATO 
concentração/dosagem  5mg/mL,  forma 
farmacêutica 
Colírio, 
via 
de 
administração tópica/ocular.";FRASCO 5 mL;23610;R$ 2,83;66816,3
328529;"VALPROATO  DE  SÓDIO 
ou  ÁCIDO 
VALPRÓICO 
concentração/dosagem 
288  mg(equivalente 
a 
250mg  Ácido 
valpróico),forma 
farmacêutica  Cápsula 
ou  Comprimido,  via  de  administração 
oral.";"CÁPSULA OU 
COMPRIMIDO";2472100;R$ 0,32;791072
328532;"VALPROATO  DE  SÓDIO 
ou  ÁCIDO 
VALPRÓICO  concentração/dosagem  50 
mg 
de 
Ácido 
valpróico/mL 
,forma 
farmacêutica 
Xarope, 
via 
de 
administração oral.";FRASCO 100 mL;166750;R$ 4,06;677005
